city,state,2020 census,2020 land area,location,lat,long
New York,New York,8804190,778.3 km2,40°40′N 73°56′W﻿ / ﻿40.66°N 73.93°W,40.66666666666666,-73.93333333333334
Los Angeles,California,3898747,"1,216.0 km2",34°01′N 118°25′W﻿ / ﻿34.01°N 118.41°W,34.016666666666666,-118.41666666666669
Chicago,Illinois,2746388,589.7 km2,41°50′N 87°41′W﻿ / ﻿41.83°N 87.68°W,41.833333333333336,-87.68333333333334
Houston,Texas,2304580,"1,658.6 km2",29°47′N 95°23′W﻿ / ﻿29.78°N 95.39°W,29.78333333333333,-95.38333333333334
Phoenix,Arizona,1608139,"1,341.6 km2",33°34′N 112°05′W﻿ / ﻿33.57°N 112.09°W,33.56666666666667,-112.08333333333331
Philadelphia[e],Pennsylvania,1603797,348.1 km2,40°00′N 75°08′W﻿ / ﻿40.00°N 75.13°W,40.0,-75.13333333333334
San Antonio,Texas,1434625,"1,291.9 km2",29°28′N 98°31′W﻿ / ﻿29.47°N 98.52°W,29.466666666666665,-98.51666666666668
San Diego,California,1386932,844.1 km2,32°49′N 117°08′W﻿ / ﻿32.81°N 117.13°W,32.81666666666667,-117.13333333333334
Dallas,Texas,1304379,879.6 km2,32°47′N 96°46′W﻿ / ﻿32.79°N 96.76°W,32.78333333333333,-96.76666666666668
San Jose,California,1013240,461.8 km2,37°17′N 121°49′W﻿ / ﻿37.29°N 121.81°W,37.28333333333333,-121.81666666666666
Austin,Texas,961855,828.5 km2,30°18′N 97°45′W﻿ / ﻿30.30°N 97.75°W,30.3,-97.75
Jacksonville[f],Florida,949611,"1,935.5 km2",30°20′N 81°40′W﻿ / ﻿30.33°N 81.66°W,30.33333333333333,-81.66666666666667
Fort Worth,Texas,918915,888.1 km2,32°47′N 97°20′W﻿ / ﻿32.78°N 97.34°W,32.78333333333333,-97.33333333333331
Columbus,Ohio,905748,569.8 km2,39°59′N 82°59′W﻿ / ﻿39.98°N 82.98°W,39.98333333333333,-82.98333333333333
Indianapolis[g],Indiana,887642,936.5 km2,39°46′N 86°08′W﻿ / ﻿39.77°N 86.14°W,39.766666666666666,-86.13333333333334
Charlotte,North Carolina,874579,798.5 km2,35°12′N 80°50′W﻿ / ﻿35.20°N 80.83°W,35.2,-80.83333333333333
San Francisco[h],California,873965,121.5 km2,37°43′N 123°02′W﻿ / ﻿37.72°N 123.03°W,37.71666666666667,-123.03333333333332
Seattle,Washington,737015,217.0 km2,47°37′N 122°21′W﻿ / ﻿47.62°N 122.35°W,47.61666666666667,-122.35
Denver[i],Colorado,715522,396.5 km2,39°46′N 104°53′W﻿ / ﻿39.76°N 104.88°W,39.766666666666666,-104.88333333333334
Oklahoma City,Oklahoma,681054,"1,570.1 km2",35°28′N 97°31′W﻿ / ﻿35.46°N 97.51°W,35.46666666666667,-97.51666666666668
Nashville[j],Tennessee,689447,"1,232.3 km2",36°10′N 86°47′W﻿ / ﻿36.17°N 86.78°W,36.16666666666666,-86.78333333333333
El Paso,Texas,678815,669.3 km2,31°50′N 106°25′W﻿ / ﻿31.84°N 106.42°W,31.83333333333333,-106.41666666666669
Washington[k],District of Columbia,689545,158.2 km2,38°54′N 77°01′W﻿ / ﻿38.90°N 77.01°W,38.9,-77.01666666666667
Boston,Massachusetts,675647,125.1 km2,42°20′N 71°01′W﻿ / ﻿42.33°N 71.02°W,42.333333333333336,-71.01666666666667
Las Vegas,Nevada,641903,367.3 km2,36°13′N 115°16′W﻿ / ﻿36.22°N 115.26°W,36.21666666666667,-115.26666666666668
Portland,Oregon,652503,345.8 km2,45°32′N 122°39′W﻿ / ﻿45.53°N 122.65°W,45.53333333333333,-122.65
Detroit,Michigan,639111,359.2 km2,42°23′N 83°06′W﻿ / ﻿42.38°N 83.10°W,42.38333333333333,-83.1
Louisville[l],Kentucky,633045,841.5 km2,38°10′N 85°38′W﻿ / ﻿38.16°N 85.64°W,38.16666666666666,-85.63333333333334
Memphis,Tennessee,633104,769.2 km2,35°06′N 89°58′W﻿ / ﻿35.10°N 89.97°W,35.1,-89.96666666666667
Baltimore[m],Maryland,585708,209.5 km2,39°18′N 76°37′W﻿ / ﻿39.30°N 76.61°W,39.3,-76.61666666666666
Milwaukee,Wisconsin,577222,249.2 km2,43°04′N 87°58′W﻿ / ﻿43.06°N 87.96°W,43.06666666666667,-87.96666666666667
Albuquerque,New Mexico,564559,485.1 km2,35°06′N 106°38′W﻿ / ﻿35.10°N 106.64°W,35.1,-106.63333333333334
Fresno,California,542107,298.4 km2,36°47′N 119°47′W﻿ / ﻿36.78°N 119.79°W,36.78333333333333,-119.78333333333332
Tucson,Arizona,542629,624.2 km2,32°09′N 110°52′W﻿ / ﻿32.15°N 110.87°W,32.15,-110.86666666666666
Sacramento,California,524943,255.4 km2,38°34′N 121°28′W﻿ / ﻿38.56°N 121.46°W,38.56666666666667,-121.46666666666668
Mesa,Arizona,504258,359.2 km2,33°24′N 111°43′W﻿ / ﻿33.40°N 111.71°W,33.4,-111.71666666666668
Kansas City,Missouri,508090,815.1 km2,39°07′N 94°33′W﻿ / ﻿39.12°N 94.55°W,39.11666666666667,-94.55
Atlanta,Georgia,498715,350.4 km2,33°46′N 84°25′W﻿ / ﻿33.76°N 84.42°W,33.766666666666666,-84.41666666666667
Omaha,Nebraska,486051,345.0 km2,41°16′N 96°02′W﻿ / ﻿41.26°N 96.04°W,41.266666666666666,-96.03333333333332
Colorado Springs,Colorado,478961,506.1 km2,38°52′N 104°46′W﻿ / ﻿38.86°N 104.76°W,38.86666666666667,-104.76666666666668
Raleigh,North Carolina,467665,375.8 km2,35°50′N 78°38′W﻿ / ﻿35.83°N 78.64°W,35.833333333333336,-78.63333333333334
Virginia Beach[m],Virginia,459470,633.8 km2,36°47′N 76°01′W﻿ / ﻿36.78°N 76.02°W,36.78333333333333,-76.01666666666667
Long Beach,California,466742,131.3 km2,33°48′N 118°09′W﻿ / ﻿33.80°N 118.15°W,33.8,-118.15
Miami,Florida,442241,93.2 km2,25°46′N 80°12′W﻿ / ﻿25.77°N 80.20°W,25.766666666666666,-80.2
Oakland,California,440646,144.8 km2,37°46′N 122°13′W﻿ / ﻿37.76°N 122.22°W,37.766666666666666,-122.21666666666668
Minneapolis,Minnesota,429954,139.9 km2,44°58′N 93°16′W﻿ / ﻿44.96°N 93.26°W,44.96666666666667,-93.26666666666668
Tulsa,Oklahoma,413066,511.5 km2,36°07′N 95°54′W﻿ / ﻿36.12°N 95.90°W,36.11666666666667,-95.9
Bakersfield,California,403455,388.0 km2,35°19′N 119°01′W﻿ / ﻿35.32°N 119.01°W,35.31666666666667,-119.01666666666668
Wichita,Kansas,397532,419.6 km2,37°41′N 97°20′W﻿ / ﻿37.69°N 97.34°W,37.68333333333333,-97.33333333333331
Arlington,Texas,394266,248.4 km2,32°42′N 97°07′W﻿ / ﻿32.70°N 97.12°W,32.7,-97.11666666666666
Aurora,Colorado,386261,414.7 km2,39°41′N 104°41′W﻿ / ﻿39.68°N 104.68°W,39.68333333333333,-104.68333333333334
Tampa,Florida,384959,295.3 km2,27°58′N 82°28′W﻿ / ﻿27.97°N 82.47°W,27.966666666666665,-82.46666666666667
New Orleans[n],Louisiana,383997,439.0 km2,30°03′N 89°56′W﻿ / ﻿30.05°N 89.93°W,30.05,-89.93333333333334
Cleveland,Ohio,372624,201.2 km2,41°28′N 81°40′W﻿ / ﻿41.47°N 81.67°W,41.46666666666667,-81.66666666666667
Anaheim,California,346824,130.3 km2,33°51′N 117°46′W﻿ / ﻿33.85°N 117.76°W,33.85,-117.76666666666668
Honolulu[o],Hawaii,350964,156.7 km2,21°19′N 157°50′W﻿ / ﻿21.32°N 157.84°W,21.316666666666663,-157.83333333333334
Henderson,Nevada,317610,275.1 km2,36°00′N 115°02′W﻿ / ﻿36.00°N 115.03°W,36.0,-115.03333333333332
Stockton,California,320804,161.1 km2,37°58′N 121°19′W﻿ / ﻿37.97°N 121.31°W,37.96666666666667,-121.31666666666666
Lexington[p],Kentucky,322570,734.5 km2,38°02′N 84°27′W﻿ / ﻿38.04°N 84.45°W,38.03333333333333,-84.45
Corpus Christi,Texas,317863,420.1 km2,27°45′N 97°10′W﻿ / ﻿27.75°N 97.17°W,27.75,-97.16666666666669
Riverside,California,314998,210.3 km2,33°56′N 117°23′W﻿ / ﻿33.93°N 117.39°W,33.93333333333333,-117.38333333333334
Santa Ana,California,310227,70.7 km2,33°44′N 117°53′W﻿ / ﻿33.73°N 117.88°W,33.733333333333334,-117.88333333333334
Orlando,Florida,307573,286.5 km2,28°25′N 81°16′W﻿ / ﻿28.41°N 81.27°W,28.416666666666668,-81.26666666666667
Irvine,California,307670,169.9 km2,33°40′N 117°46′W﻿ / ﻿33.67°N 117.77°W,33.666666666666664,-117.76666666666668
Cincinnati,Ohio,309317,201.5 km2,39°08′N 84°30′W﻿ / ﻿39.14°N 84.50°W,39.13333333333333,-84.5
Newark,New Jersey,311549,62.4 km2,40°43′N 74°10′W﻿ / ﻿40.72°N 74.17°W,40.71666666666667,-74.16666666666667
Saint Paul,Minnesota,311527,134.7 km2,44°56′N 93°06′W﻿ / ﻿44.94°N 93.10°W,44.93333333333333,-93.1
Pittsburgh,Pennsylvania,302971,143.5 km2,40°26′N 79°58′W﻿ / ﻿40.43°N 79.97°W,40.43333333333333,-79.96666666666667
Greensboro,North Carolina,299035,335.7 km2,36°05′N 79°49′W﻿ / ﻿36.09°N 79.82°W,36.083333333333336,-79.81666666666666
St. Louis[m],Missouri,301578,159.8 km2,38°38′N 90°14′W﻿ / ﻿38.63°N 90.24°W,38.63333333333333,-90.23333333333332
Lincoln,Nebraska,291082,253.0 km2,40°49′N 96°41′W﻿ / ﻿40.81°N 96.68°W,40.81666666666667,-96.68333333333334
Plano,Texas,285494,185.7 km2,33°03′N 96°44′W﻿ / ﻿33.05°N 96.74°W,33.05,-96.73333333333332
Anchorage[q],Alaska,291247,"4,420.6 km2",61°10′N 149°17′W﻿ / ﻿61.17°N 149.28°W,61.16666666666666,-149.28333333333333
Durham,North Carolina,283506,292.2 km2,35°59′N 78°54′W﻿ / ﻿35.98°N 78.90°W,35.983333333333334,-78.9
Jersey City,New Jersey,292449,38.1 km2,40°43′N 74°04′W﻿ / ﻿40.71°N 74.06°W,40.71666666666667,-74.06666666666666
Chandler,Arizona,275987,169.1 km2,33°17′N 111°51′W﻿ / ﻿33.28°N 111.85°W,33.28333333333333,-111.85
Chula Vista,California,275487,128.5 km2,32°37′N 117°01′W﻿ / ﻿32.62°N 117.01°W,32.61666666666667,-117.01666666666668
Buffalo,New York,278349,104.6 km2,42°53′N 78°51′W﻿ / ﻿42.89°N 78.85°W,42.88333333333333,-78.85
North Las Vegas,Nevada,262527,262.4 km2,36°17′N 115°05′W﻿ / ﻿36.28°N 115.09°W,36.28333333333333,-115.08333333333331
Gilbert[r],Arizona,267918,177.7 km2,33°19′N 111°44′W﻿ / ﻿33.31°N 111.74°W,33.31666666666667,-111.73333333333332
Madison,Wisconsin,269840,206.2 km2,43°05′N 89°25′W﻿ / ﻿43.08°N 89.42°W,43.083333333333336,-89.41666666666667
Reno,Nevada,264165,281.8 km2,39°32′N 119°50′W﻿ / ﻿39.54°N 119.84°W,39.53333333333333,-119.83333333333331
Toledo,Ohio,270871,208.5 km2,41°40′N 83°35′W﻿ / ﻿41.66°N 83.58°W,41.66666666666666,-83.58333333333333
Fort Wayne,Indiana,263886,286.7 km2,41°05′N 85°08′W﻿ / ﻿41.08°N 85.14°W,41.083333333333336,-85.13333333333334
Lubbock,Texas,257141,348.6 km2,33°34′N 101°53′W﻿ / ﻿33.56°N 101.88°W,33.56666666666667,-101.88333333333334
St. Petersburg,Florida,258308,160.1 km2,27°46′N 82°38′W﻿ / ﻿27.76°N 82.64°W,27.766666666666666,-82.63333333333334
Laredo,Texas,255205,275.8 km2,27°34′N 99°29′W﻿ / ﻿27.56°N 99.48°W,27.566666666666663,-99.48333333333332
Irving,Texas,256684,173.5 km2,32°51′N 96°58′W﻿ / ﻿32.85°N 96.97°W,32.85,-96.96666666666668
Chesapeake[m],Virginia,249422,876.7 km2,36°40′N 76°18′W﻿ / ﻿36.67°N 76.30°W,36.66666666666666,-76.3
Winston–Salem,North Carolina,249545,343.7 km2,36°06′N 80°16′W﻿ / ﻿36.10°N 80.26°W,36.1,-80.26666666666667
Glendale,Arizona,248325,159.5 km2,33°32′N 112°11′W﻿ / ﻿33.53°N 112.18°W,33.53333333333333,-112.18333333333334
Scottsdale,Arizona,241361,476.6 km2,33°41′N 111°52′W﻿ / ﻿33.68°N 111.86°W,33.68333333333333,-111.86666666666666
Garland,Texas,246018,147.9 km2,32°54′N 96°38′W﻿ / ﻿32.90°N 96.63°W,32.9,-96.63333333333334
Boise[s],Idaho,235684,217.6 km2,43°36′N 116°14′W﻿ / ﻿43.60°N 116.23°W,43.6,-116.23333333333332
Norfolk[m],Virginia,238005,138.0 km2,36°55′N 76°14′W﻿ / ﻿36.92°N 76.24°W,36.91666666666666,-76.23333333333333
Spokane,Washington,228989,178.2 km2,47°40′N 117°26′W﻿ / ﻿47.66°N 117.43°W,47.66666666666666,-117.43333333333334
Fremont,California,230504,202.8 km2,37°29′N 121°56′W﻿ / ﻿37.49°N 121.94°W,37.48333333333333,-121.93333333333334
Richmond[m],Virginia,226610,155.1 km2,37°32′N 77°28′W﻿ / ﻿37.53°N 77.47°W,37.53333333333333,-77.46666666666667
Santa Clarita,California,228673,183.4 km2,34°24′N 118°30′W﻿ / ﻿34.40°N 118.50°W,34.4,-118.5
San Bernardino,California,222101,160.8 km2,34°08′N 117°17′W﻿ / ﻿34.14°N 117.29°W,34.13333333333333,-117.28333333333332
Baton Rouge[t],Louisiana,227470,223.5 km2,30°26′N 91°08′W﻿ / ﻿30.44°N 91.13°W,30.433333333333334,-91.13333333333334
Hialeah,Florida,223109,55.9 km2,25°52′N 80°18′W﻿ / ﻿25.86°N 80.30°W,25.866666666666667,-80.3
Tacoma,Washington,219346,128.7 km2,47°15′N 122°27′W﻿ / ﻿47.25°N 122.45°W,47.25,-122.45
Modesto,California,218464,111.4 km2,37°38′N 121°00′W﻿ / ﻿37.63°N 121.00°W,37.63333333333333,-121.0
Port St. Lucie,Florida,204851,308.7 km2,27°17′N 80°23′W﻿ / ﻿27.28°N 80.38°W,27.28333333333333,-80.38333333333334
Huntsville,Alabama,215006,564.9 km2,34°41′N 86°40′W﻿ / ﻿34.69°N 86.67°W,34.68333333333333,-86.66666666666667
Des Moines,Iowa,214133,228.4 km2,41°34′N 93°37′W﻿ / ﻿41.57°N 93.61°W,41.56666666666667,-93.61666666666666
Moreno Valley,California,208634,132.9 km2,33°55′N 117°12′W﻿ / ﻿33.92°N 117.20°W,33.916666666666664,-117.2
Fontana,California,208393,111.6 km2,34°06′N 117°28′W﻿ / ﻿34.10°N 117.46°W,34.1,-117.46666666666668
Frisco,Texas,200509,177.7 km2,33°09′N 96°49′W﻿ / ﻿33.15°N 96.82°W,33.15,-96.81666666666666
Rochester,New York,211328,92.7 km2,43°10′N 77°37′W﻿ / ﻿43.16°N 77.61°W,43.16666666666666,-77.61666666666666
Yonkers,New York,211569,46.6 km2,40°56′N 73°52′W﻿ / ﻿40.94°N 73.86°W,40.93333333333333,-73.86666666666666
Fayetteville,North Carolina,208501,384.1 km2,35°05′N 78°58′W﻿ / ﻿35.08°N 78.97°W,35.083333333333336,-78.96666666666667
Worcester,Massachusetts,206518,96.9 km2,42°16′N 71°48′W﻿ / ﻿42.26°N 71.80°W,42.266666666666666,-71.8
Columbus[u],Georgia,206922,560.7 km2,32°31′N 84°52′W﻿ / ﻿32.51°N 84.87°W,32.516666666666666,-84.86666666666666
Cape Coral,Florida,194016,274.5 km2,26°38′N 81°59′W﻿ / ﻿26.64°N 81.99°W,26.633333333333333,-81.98333333333333
McKinney,Texas,195308,173.5 km2,33°11′N 96°40′W﻿ / ﻿33.19°N 96.66°W,33.18333333333333,-96.66666666666669
Little Rock,Arkansas,202591,310.8 km2,34°43′N 92°21′W﻿ / ﻿34.72°N 92.35°W,34.71666666666667,-92.35
Oxnard,California,202063,68.6 km2,34°12′N 119°12′W﻿ / ﻿34.20°N 119.20°W,34.2,-119.2
Amarillo,Texas,200393,265.0 km2,35°11′N 101°50′W﻿ / ﻿35.19°N 101.83°W,35.18333333333333,-101.83333333333331
Augusta[v],Georgia,202081,783.0 km2,33°22′N 82°04′W﻿ / ﻿33.36°N 82.07°W,33.36666666666667,-82.06666666666666
Salt Lake City,Utah,199723,285.7 km2,40°46′N 111°56′W﻿ / ﻿40.77°N 111.93°W,40.766666666666666,-111.93333333333334
Montgomery,Alabama,200603,414.1 km2,32°20′N 86°16′W﻿ / ﻿32.34°N 86.26°W,32.333333333333336,-86.26666666666667
Birmingham,Alabama,200733,380.7 km2,33°31′N 86°47′W﻿ / ﻿33.52°N 86.79°W,33.516666666666666,-86.78333333333333
Grand Rapids,Michigan,198917,116.0 km2,42°58′N 85°39′W﻿ / ﻿42.96°N 85.65°W,42.96666666666667,-85.65
Grand Prairie,Texas,196100,188.0 km2,32°41′N 97°01′W﻿ / ﻿32.68°N 97.02°W,32.68333333333333,-97.01666666666668
Overland Park,Kansas,197238,194.8 km2,38°53′N 94°41′W﻿ / ﻿38.88°N 94.69°W,38.88333333333333,-94.68333333333334
Tallahassee,Florida,196169,261.3 km2,30°27′N 84°15′W﻿ / ﻿30.45°N 84.25°W,30.45,-84.25
Huntington Beach,California,198711,69.9 km2,33°41′N 118°00′W﻿ / ﻿33.69°N 118.00°W,33.68333333333333,-118.0
Sioux Falls,South Dakota,192517,204.9 km2,43°32′N 96°44′W﻿ / ﻿43.53°N 96.73°W,43.53333333333333,-96.73333333333332
Peoria,Arizona,190985,456.1 km2,33°47′N 112°18′W﻿ / ﻿33.78°N 112.30°W,33.78333333333333,-112.3
Knoxville,Tennessee,190740,255.6 km2,35°58′N 83°56′W﻿ / ﻿35.97°N 83.94°W,35.96666666666667,-83.93333333333334
Glendale,California,196543,79.0 km2,34°11′N 118°14′W﻿ / ﻿34.18°N 118.24°W,34.18333333333333,-118.23333333333332
Vancouver,Washington,190915,126.1 km2,45°38′N 122°35′W﻿ / ﻿45.63°N 122.59°W,45.63333333333333,-122.58333333333331
Providence,Rhode Island,190934,47.7 km2,41°49′N 71°25′W﻿ / ﻿41.82°N 71.41°W,41.81666666666667,-71.41666666666667
Akron,Ohio,190469,160.3 km2,41°05′N 81°31′W﻿ / ﻿41.08°N 81.52°W,41.083333333333336,-81.51666666666667
Brownsville,Texas,186738,340.6 km2,25°59′N 97°27′W﻿ / ﻿25.99°N 97.45°W,25.98333333333333,-97.45
Mobile,Alabama,187041,361.3 km2,30°40′N 88°06′W﻿ / ﻿30.66°N 88.10°W,30.666666666666668,-88.1
Newport News[m],Virginia,186247,178.7 km2,37°04′N 76°31′W﻿ / ﻿37.07°N 76.52°W,37.06666666666667,-76.51666666666667
Tempe,Arizona,180587,103.3 km2,33°23′N 111°56′W﻿ / ﻿33.38°N 111.93°W,33.38333333333333,-111.93333333333334
Shreveport,Louisiana,187593,279.2 km2,32°28′N 93°47′W﻿ / ﻿32.46°N 93.79°W,32.46666666666667,-93.78333333333332
Chattanooga,Tennessee,181099,368.8 km2,35°04′N 85°14′W﻿ / ﻿35.06°N 85.24°W,35.06666666666667,-85.23333333333333
Fort Lauderdale,Florida,182760,89.6 km2,26°08′N 80°08′W﻿ / ﻿26.14°N 80.14°W,26.133333333333333,-80.13333333333334
Aurora,Illinois,180542,116.5 km2,41°46′N 88°17′W﻿ / ﻿41.76°N 88.29°W,41.766666666666666,-88.28333333333333
Elk Grove,California,176124,108.8 km2,38°25′N 121°23′W﻿ / ﻿38.41°N 121.38°W,38.41666666666666,-121.38333333333334
Ontario,California,175265,129.5 km2,34°02′N 117°36′W﻿ / ﻿34.03°N 117.60°W,34.03333333333333,-117.6
Salem,Oregon,175535,126.4 km2,44°55′N 123°01′W﻿ / ﻿44.92°N 123.02°W,44.91666666666666,-123.01666666666668
Cary,North Carolina,174721,153.3 km2,35°47′N 78°49′W﻿ / ﻿35.78°N 78.81°W,35.78333333333333,-78.81666666666666
Santa Rosa,California,178127,110.1 km2,38°26′N 122°42′W﻿ / ﻿38.44°N 122.70°W,38.43333333333333,-122.7
Rancho Cucamonga,California,174453,103.9 km2,34°07′N 117°34′W﻿ / ﻿34.12°N 117.56°W,34.11666666666667,-117.56666666666666
Eugene,Oregon,176654,114.5 km2,44°03′N 123°07′W﻿ / ﻿44.05°N 123.11°W,44.05,-123.11666666666666
Oceanside,California,174068,107.0 km2,33°13′N 117°18′W﻿ / ﻿33.22°N 117.30°W,33.21666666666667,-117.3
Clarksville,Tennessee,166722,257.4 km2,36°34′N 87°20′W﻿ / ﻿36.56°N 87.34°W,36.56666666666667,-87.33333333333333
Garden Grove,California,171949,46.6 km2,33°46′N 117°58′W﻿ / ﻿33.77°N 117.96°W,33.766666666666666,-117.96666666666668
Lancaster,California,173516,244.2 km2,34°41′N 118°10′W﻿ / ﻿34.69°N 118.17°W,34.68333333333333,-118.16666666666669
Springfield,Missouri,169176,213.4 km2,37°11′N 93°17′W﻿ / ﻿37.19°N 93.29°W,37.18333333333333,-93.28333333333332
Pembroke Pines,Florida,171178,84.7 km2,26°01′N 80°20′W﻿ / ﻿26.02°N 80.34°W,26.016666666666666,-80.33333333333333
Fort Collins,Colorado,169810,148.1 km2,40°32′N 105°04′W﻿ / ﻿40.54°N 105.06°W,40.53333333333333,-105.06666666666666
Palmdale,California,169450,274.8 km2,34°35′N 118°06′W﻿ / ﻿34.59°N 118.10°W,34.583333333333336,-118.1
Salinas,California,163542,60.9 km2,36°41′N 121°38′W﻿ / ﻿36.69°N 121.63°W,36.68333333333333,-121.63333333333334
Hayward,California,162954,118.6 km2,37°37′N 122°06′W﻿ / ﻿37.62°N 122.10°W,37.61666666666667,-122.1
Corona,California,157136,103.3 km2,33°52′N 117°34′W﻿ / ﻿33.86°N 117.56°W,33.86666666666667,-117.56666666666666
Paterson,New Jersey,159732,21.8 km2,40°55′N 74°10′W﻿ / ﻿40.91°N 74.16°W,40.91666666666666,-74.16666666666667
Murfreesboro,Tennessee,152769,162.9 km2,35°51′N 86°25′W﻿ / ﻿35.85°N 86.41°W,35.85,-86.41666666666667
Macon[w],Georgia,157346,645.9 km2,32°48′N 83°41′W﻿ / ﻿32.80°N 83.69°W,32.8,-83.68333333333334
Lakewood,Colorado,155984,112.7 km2,39°41′N 105°07′W﻿ / ﻿39.69°N 105.11°W,39.68333333333333,-105.11666666666666
Killeen,Texas,153095,141.9 km2,31°04′N 97°44′W﻿ / ﻿31.07°N 97.73°W,31.066666666666663,-97.73333333333332
Springfield,Massachusetts,155929,82.6 km2,42°07′N 72°32′W﻿ / ﻿42.11°N 72.54°W,42.11666666666667,-72.53333333333333
Alexandria[m],Virginia,159467,38.6 km2,38°49′N 77°05′W﻿ / ﻿38.82°N 77.08°W,38.81666666666667,-77.08333333333333
Kansas City[x],Kansas,156607,323.0 km2,39°07′N 94°44′W﻿ / ﻿39.12°N 94.74°W,39.11666666666667,-94.73333333333332
Sunnyvale,California,155805,57.2 km2,37°23′N 122°01′W﻿ / ﻿37.38°N 122.02°W,37.38333333333333,-122.01666666666668
Hollywood,Florida,153067,70.7 km2,26°02′N 80°10′W﻿ / ﻿26.03°N 80.16°W,26.03333333333333,-80.16666666666667
Roseville,California,147773,114.2 km2,38°46′N 121°19′W﻿ / ﻿38.76°N 121.31°W,38.766666666666666,-121.31666666666666
Charleston,South Carolina,150227,297.3 km2,32°49′N 79°57′W﻿ / ﻿32.81°N 79.95°W,32.81666666666667,-79.95
Escondido,California,151038,96.6 km2,33°08′N 117°04′W﻿ / ﻿33.13°N 117.07°W,33.13333333333333,-117.06666666666666
Joliet,Illinois,150362,167.1 km2,41°31′N 88°08′W﻿ / ﻿41.51°N 88.14°W,41.516666666666666,-88.13333333333334
Jackson,Mississippi,153701,289.3 km2,32°19′N 90°13′W﻿ / ﻿32.31°N 90.21°W,32.31666666666667,-90.21666666666668
Bellevue,Washington,151854,86.8 km2,47°35′N 122°09′W﻿ / ﻿47.59°N 122.15°W,47.583333333333336,-122.15
Surprise,Arizona,143148,285.7 km2,33°40′N 112°27′W﻿ / ﻿33.67°N 112.45°W,33.666666666666664,-112.45
Naperville,Illinois,149540,101.3 km2,41°44′N 88°10′W﻿ / ﻿41.74°N 88.16°W,41.73333333333333,-88.16666666666667
Pasadena,Texas,151950,113.2 km2,29°39′N 95°09′W﻿ / ﻿29.65°N 95.15°W,29.65,-95.15
Pomona,California,151713,59.6 km2,34°03′N 117°46′W﻿ / ﻿34.05°N 117.76°W,34.05,-117.76666666666668
Bridgeport,Connecticut,148654,41.7 km2,41°11′N 73°11′W﻿ / ﻿41.18°N 73.19°W,41.18333333333333,-73.18333333333334
Denton,Texas,139869,249.7 km2,33°13′N 97°08′W﻿ / ﻿33.21°N 97.14°W,33.21666666666667,-97.13333333333334
Rockford,Illinois,148655,167.1 km2,42°15′N 89°04′W﻿ / ﻿42.25°N 89.06°W,42.25,-89.06666666666666
Mesquite,Texas,150108,125.6 km2,32°46′N 96°35′W﻿ / ﻿32.76°N 96.58°W,32.766666666666666,-96.58333333333331
Savannah,Georgia,147780,276.6 km2,32°00′N 81°09′W﻿ / ﻿32.00°N 81.15°W,32.0,-81.15
Syracuse,New York,148620,65.0 km2,43°02′N 76°08′W﻿ / ﻿43.04°N 76.14°W,43.03333333333333,-76.13333333333334
McAllen,Texas,142210,161.4 km2,26°14′N 98°14′W﻿ / ﻿26.23°N 98.24°W,26.23333333333333,-98.23333333333332
Torrance,California,147067,53.1 km2,33°50′N 118°20′W﻿ / ﻿33.83°N 118.34°W,33.833333333333336,-118.33333333333331
Olathe,Kansas,141290,160.3 km2,38°53′N 94°49′W﻿ / ﻿38.88°N 94.81°W,38.88333333333333,-94.81666666666666
Visalia,California,141384,98.2 km2,36°19′N 119°19′W﻿ / ﻿36.32°N 119.32°W,36.31666666666667,-119.31666666666666
Thornton,Colorado,141867,93.0 km2,39°55′N 104°56′W﻿ / ﻿39.91°N 104.94°W,39.91666666666666,-104.93333333333334
Fullerton,California,143617,58.0 km2,33°53′N 117°55′W﻿ / ﻿33.88°N 117.92°W,33.88333333333333,-117.91666666666669
Gainesville,Florida,141085,163.7 km2,29°40′N 82°20′W﻿ / ﻿29.67°N 82.34°W,29.666666666666668,-82.33333333333333
Waco,Texas,138486,229.7 km2,31°34′N 97°11′W﻿ / ﻿31.56°N 97.18°W,31.566666666666663,-97.18333333333334
West Valley City,Utah,140230,92.7 km2,40°41′N 112°01′W﻿ / ﻿40.68°N 112.01°W,40.68333333333333,-112.01666666666668
Warren,Michigan,139387,89.1 km2,42°29′N 83°01′W﻿ / ﻿42.49°N 83.02°W,42.48333333333333,-83.01666666666667
Lakewood,New Jersey,135158,64.0 km2,40°05′N 74°13′W﻿ / ﻿40.08°N 74.21°W,40.083333333333336,-74.21666666666667
Hampton[m],Virginia,137148,133.4 km2,37°02′N 76°17′W﻿ / ﻿37.04°N 76.29°W,37.03333333333333,-76.28333333333333
Dayton,Ohio,137644,144.5 km2,39°46′N 84°11′W﻿ / ﻿39.77°N 84.19°W,39.766666666666666,-84.18333333333334
Columbia,South Carolina,136632,354.3 km2,34°01′N 80°53′W﻿ / ﻿34.02°N 80.89°W,34.016666666666666,-80.88333333333334
Orange,California,139911,66.6 km2,33°47′N 117°52′W﻿ / ﻿33.78°N 117.86°W,33.78333333333333,-117.86666666666666
Cedar Rapids,Iowa,137710,186.7 km2,41°58′N 91°40′W﻿ / ﻿41.96°N 91.67°W,41.96666666666667,-91.66666666666669
Stamford,Connecticut,135470,97.4 km2,41°04′N 73°32′W﻿ / ﻿41.07°N 73.54°W,41.06666666666667,-73.53333333333333
Victorville,California,134810,190.9 km2,34°31′N 117°21′W﻿ / ﻿34.52°N 117.35°W,34.516666666666666,-117.35
Pasadena,California,138699,59.6 km2,34°10′N 118°08′W﻿ / ﻿34.16°N 118.13°W,34.166666666666664,-118.13333333333334
Elizabeth,New Jersey,137298,31.9 km2,40°40′N 74°11′W﻿ / ﻿40.66°N 74.19°W,40.66666666666666,-74.18333333333334
New Haven,Connecticut,134023,48.4 km2,41°19′N 72°55′W﻿ / ﻿41.31°N 72.92°W,41.31666666666667,-72.91666666666667
Miramar,Florida,134721,74.9 km2,25°58′N 80°20′W﻿ / ﻿25.97°N 80.33°W,25.966666666666665,-80.33333333333333
Kent,Washington,136588,87.5 km2,47°23′N 122°13′W﻿ / ﻿47.38°N 122.21°W,47.38333333333333,-122.21666666666668
Sterling Heights,Michigan,134346,94.3 km2,42°35′N 83°02′W﻿ / ﻿42.58°N 83.03°W,42.583333333333336,-83.03333333333333
Carrollton,Texas,133434,95.1 km2,32°59′N 96°53′W﻿ / ﻿32.98°N 96.89°W,32.983333333333334,-96.88333333333334
Coral Springs,Florida,134394,59.3 km2,26°16′N 80°15′W﻿ / ﻿26.27°N 80.25°W,26.266666666666666,-80.25
Midland,Texas,132524,195.5 km2,32°01′N 102°07′W﻿ / ﻿32.02°N 102.11°W,32.016666666666666,-102.11666666666666
Norman,Oklahoma,128026,463.1 km2,35°14′N 97°20′W﻿ / ﻿35.24°N 97.34°W,35.233333333333334,-97.33333333333331
Athens[y],Georgia,127315,301.2 km2,33°56′N 83°22′W﻿ / ﻿33.94°N 83.37°W,33.93333333333333,-83.36666666666666
Santa Clara,California,127647,47.4 km2,37°22′N 121°58′W﻿ / ﻿37.36°N 121.96°W,37.36666666666667,-121.96666666666668
Columbia,Missouri,126254,172.2 km2,38°57′N 92°19′W﻿ / ﻿38.95°N 92.32°W,38.95,-92.31666666666666
Fargo,North Dakota,125990,129.0 km2,46°52′N 96°49′W﻿ / ﻿46.86°N 96.82°W,46.86666666666667,-96.81666666666666
Pearland,Texas,125828,126.1 km2,29°33′N 95°19′W﻿ / ﻿29.55°N 95.32°W,29.55,-95.31666666666666
Simi Valley,California,126356,107.5 km2,34°16′N 118°44′W﻿ / ﻿34.26°N 118.74°W,34.266666666666666,-118.73333333333332
Meridian,Idaho,117635,90.9 km2,43°37′N 116°23′W﻿ / ﻿43.61°N 116.39°W,43.61666666666667,-116.38333333333334
Topeka,Kansas,126587,159.0 km2,39°02′N 95°41′W﻿ / ﻿39.03°N 95.69°W,39.03333333333333,-95.68333333333334
Allentown,Pennsylvania,125845,45.6 km2,40°35′N 75°28′W﻿ / ﻿40.59°N 75.47°W,40.583333333333336,-75.46666666666667
Thousand Oaks,California,126966,143.2 km2,34°11′N 118°52′W﻿ / ﻿34.19°N 118.87°W,34.18333333333333,-118.86666666666666
Abilene,Texas,125182,276.4 km2,32°27′N 99°44′W﻿ / ﻿32.45°N 99.73°W,32.45,-99.73333333333332
Vallejo,California,126090,78.7 km2,38°06′N 122°16′W﻿ / ﻿38.10°N 122.26°W,38.1,-122.26666666666668
Concord,California,125410,79.3 km2,37°58′N 122°00′W﻿ / ﻿37.97°N 122.00°W,37.96666666666667,-122.0
Round Rock,Texas,119468,97.4 km2,30°31′N 97°40′W﻿ / ﻿30.52°N 97.66°W,30.516666666666666,-97.66666666666669
Arvada,Colorado,124402,100.8 km2,39°50′N 105°09′W﻿ / ﻿39.83°N 105.15°W,39.833333333333336,-105.15
Clovis,California,120124,65.8 km2,36°49′N 119°41′W﻿ / ﻿36.82°N 119.68°W,36.81666666666667,-119.68333333333334
Palm Bay,Florida,119760,223.8 km2,27°59′N 80°40′W﻿ / ﻿27.98°N 80.66°W,27.98333333333333,-80.66666666666667
Independence,Missouri,123011,202.0 km2,39°05′N 94°21′W﻿ / ﻿39.08°N 94.35°W,39.083333333333336,-94.35
Lafayette[z],Louisiana,121374,144.5 km2,30°12′N 92°01′W﻿ / ﻿30.20°N 92.02°W,30.2,-92.01666666666668
Ann Arbor,Michigan,123851,73.0 km2,42°16′N 83°44′W﻿ / ﻿42.27°N 83.73°W,42.266666666666666,-83.73333333333333
Rochester,Minnesota,121395,143.7 km2,44°01′N 92°28′W﻿ / ﻿44.01°N 92.47°W,44.016666666666666,-92.46666666666668
Hartford,Connecticut,121054,45.1 km2,41°46′N 72°41′W﻿ / ﻿41.76°N 72.68°W,41.766666666666666,-72.68333333333334
College Station,Texas,120511,132.6 km2,30°35′N 96°17′W﻿ / ﻿30.58°N 96.29°W,30.58333333333333,-96.28333333333332
Fairfield,California,119881,107.7 km2,38°15′N 122°02′W﻿ / ﻿38.25°N 122.03°W,38.25,-122.03333333333332
Wilmington,North Carolina,115451,133.1 km2,34°12′N 77°53′W﻿ / ﻿34.20°N 77.88°W,34.2,-77.88333333333334
North Charleston,South Carolina,114852,201.0 km2,32°55′N 80°04′W﻿ / ﻿32.91°N 80.06°W,32.916666666666664,-80.06666666666666
Billings,Montana,117116,116.0 km2,45°47′N 108°32′W﻿ / ﻿45.78°N 108.54°W,45.78333333333333,-108.53333333333332
West Palm Beach,Florida,117415,139.3 km2,26°44′N 80°07′W﻿ / ﻿26.74°N 80.12°W,26.73333333333333,-80.11666666666666
Berkeley,California,124321,26.9 km2,37°52′N 122°17′W﻿ / ﻿37.86°N 122.29°W,37.86666666666667,-122.28333333333332
Cambridge,Massachusetts,118403,16.6 km2,42°22′N 71°07′W﻿ / ﻿42.37°N 71.11°W,42.36666666666667,-71.11666666666666
Clearwater,Florida,117292,67.6 km2,27°58′N 82°46′W﻿ / ﻿27.97°N 82.76°W,27.966666666666665,-82.76666666666667
West Jordan,Utah,116961,83.7 km2,40°36′N 112°00′W﻿ / ﻿40.60°N 112.00°W,40.6,-112.0
Evansville,Indiana,117298,122.8 km2,37°59′N 87°32′W﻿ / ﻿37.98°N 87.53°W,37.98333333333333,-87.53333333333333
Richardson,Texas,119469,74.1 km2,32°58′N 96°42′W﻿ / ﻿32.97°N 96.70°W,32.96666666666667,-96.7
Broken Arrow,Oklahoma,113540,163.2 km2,36°02′N 95°47′W﻿ / ﻿36.03°N 95.78°W,36.03333333333333,-95.78333333333332
Richmond,California,116448,78.0 km2,37°57′N 122°22′W﻿ / ﻿37.95°N 122.36°W,37.95,-122.36666666666666
League City,Texas,114392,132.9 km2,29°29′N 95°06′W﻿ / ﻿29.49°N 95.10°W,29.48333333333333,-95.1
Manchester,New Hampshire,115644,85.7 km2,42°59′N 71°26′W﻿ / ﻿42.98°N 71.44°W,42.98333333333333,-71.43333333333334
Lakeland,Florida,112641,171.5 km2,28°03′N 81°57′W﻿ / ﻿28.05°N 81.95°W,28.05,-81.95
Carlsbad,California,114746,97.9 km2,33°07′N 117°17′W﻿ / ﻿33.12°N 117.28°W,33.11666666666667,-117.28333333333332
Antioch,California,115291,75.6 km2,37°58′N 121°47′W﻿ / ﻿37.97°N 121.79°W,37.96666666666667,-121.78333333333332
Westminster,Colorado,116317,81.8 km2,39°53′N 105°04′W﻿ / ﻿39.88°N 105.06°W,39.88333333333333,-105.06666666666666
High Point,North Carolina,114059,146.1 km2,35°59′N 79°59′W﻿ / ﻿35.99°N 79.99°W,35.983333333333334,-79.98333333333333
Provo,Utah,115162,108.0 km2,40°14′N 111°38′W﻿ / ﻿40.24°N 111.64°W,40.23333333333333,-111.63333333333334
Lowell,Massachusetts,115554,35.2 km2,42°38′N 71°19′W﻿ / ﻿42.63°N 71.32°W,42.63333333333333,-71.31666666666666
Elgin,Illinois,114797,98.4 km2,42°02′N 88°19′W﻿ / ﻿42.03°N 88.32°W,42.03333333333333,-88.31666666666666
Waterbury,Connecticut,114403,73.8 km2,41°33′N 73°02′W﻿ / ﻿41.55°N 73.03°W,41.55,-73.03333333333333
Springfield,Illinois,114394,158.2 km2,39°47′N 89°38′W﻿ / ﻿39.79°N 89.64°W,39.78333333333333,-89.63333333333334
Gresham,Oregon,114247,60.9 km2,45°30′N 122°26′W﻿ / ﻿45.50°N 122.44°W,45.5,-122.43333333333334
Murrieta,California,110949,87.0 km2,33°34′N 117°11′W﻿ / ﻿33.57°N 117.19°W,33.56666666666667,-117.18333333333334
Lewisville,Texas,111822,95.8 km2,33°02′N 96°59′W﻿ / ﻿33.04°N 96.98°W,33.03333333333333,-96.98333333333332
Las Cruces,New Mexico,111385,199.2 km2,32°19′N 106°47′W﻿ / ﻿32.32°N 106.78°W,32.31666666666667,-106.78333333333332
Lansing,Michigan,112644,101.3 km2,42°43′N 84°33′W﻿ / ﻿42.71°N 84.55°W,42.71666666666667,-84.55
Beaumont,Texas,115282,213.7 km2,30°05′N 94°08′W﻿ / ﻿30.08°N 94.14°W,30.08333333333333,-94.13333333333334
Odessa,Texas,114428,132.3 km2,31°53′N 102°20′W﻿ / ﻿31.88°N 102.34°W,31.883333333333333,-102.33333333333331
Pueblo,Colorado,111876,143.5 km2,38°16′N 104°37′W﻿ / ﻿38.26°N 104.61°W,38.266666666666666,-104.61666666666666
Peoria,Illinois,113150,124.3 km2,40°45′N 89°37′W﻿ / ﻿40.75°N 89.61°W,40.75,-89.61666666666666
Downey,California,114355,32.1 km2,33°56′N 118°08′W﻿ / ﻿33.93°N 118.13°W,33.93333333333333,-118.13333333333334
Pompano Beach,Florida,112046,62.2 km2,26°14′N 80°08′W﻿ / ﻿26.24°N 80.13°W,26.23333333333333,-80.13333333333334
Miami Gardens,Florida,111640,47.1 km2,25°56′N 80°14′W﻿ / ﻿25.94°N 80.24°W,25.933333333333334,-80.23333333333333
Temecula,California,110003,96.6 km2,33°29′N 117°08′W﻿ / ﻿33.49°N 117.13°W,33.483333333333334,-117.13333333333334
Everett,Washington,110629,86.0 km2,47°57′N 122°11′W﻿ / ﻿47.95°N 122.19°W,47.95,-122.18333333333334
Costa Mesa,California,111918,40.9 km2,33°40′N 117°55′W﻿ / ﻿33.66°N 117.91°W,33.666666666666664,-117.91666666666669
Ventura[aa],California,110763,56.7 km2,34°16′N 119°15′W﻿ / ﻿34.26°N 119.25°W,34.266666666666666,-119.25
Sparks,Nevada,108445,94.3 km2,39°33′N 119°44′W﻿ / ﻿39.55°N 119.73°W,39.55,-119.73333333333332
Santa Maria,California,109707,59.1 km2,34°56′N 120°26′W﻿ / ﻿34.93°N 120.44°W,34.93333333333333,-120.43333333333334
Sugar Land,Texas,111026,104.9 km2,29°35′N 95°37′W﻿ / ﻿29.59°N 95.61°W,29.58333333333333,-95.61666666666666
Greeley,Colorado,108795,126.7 km2,40°25′N 104°46′W﻿ / ﻿40.41°N 104.76°W,40.41666666666666,-104.76666666666668
South Fulton,Georgia,107436,220.7 km2,33°35′N 84°40′W﻿ / ﻿33.59°N 84.67°W,33.583333333333336,-84.66666666666667
Dearborn,Michigan,109976,62.7 km2,42°19′N 83°13′W﻿ / ﻿42.31°N 83.21°W,42.31666666666667,-83.21666666666667
Concord,North Carolina,105240,164.5 km2,35°24′N 80°36′W﻿ / ﻿35.40°N 80.60°W,35.4,-80.6
Edison,New Jersey,107588,78.0 km2,40°31′N 74°25′W﻿ / ﻿40.52°N 74.41°W,40.516666666666666,-74.41666666666667
Tyler,Texas,105995,148.9 km2,32°19′N 95°18′W﻿ / ﻿32.31°N 95.30°W,32.31666666666667,-95.3
Sandy Springs,Georgia,108080,97.6 km2,33°56′N 84°22′W﻿ / ﻿33.93°N 84.36°W,33.93333333333333,-84.36666666666666
West Covina,California,109501,41.4 km2,34°03′N 117°54′W﻿ / ﻿34.05°N 117.90°W,34.05,-117.9
Green Bay,Wisconsin,107395,117.8 km2,44°31′N 87°59′W﻿ / ﻿44.52°N 87.98°W,44.516666666666666,-87.98333333333333
Centennial,Colorado,108418,76.9 km2,39°35′N 104°52′W﻿ / ﻿39.59°N 104.86°W,39.583333333333336,-104.86666666666666
Jurupa Valley,California,105053,111.1 km2,34°00′N 117°28′W﻿ / ﻿34.00°N 117.46°W,34.0,-117.46666666666668
El Monte,California,109450,24.9 km2,34°04′N 118°01′W﻿ / ﻿34.07°N 118.02°W,34.06666666666667,-118.01666666666668
Allen,Texas,104627,68.4 km2,33°05′N 96°40′W﻿ / ﻿33.09°N 96.66°W,33.083333333333336,-96.66666666666669
Hillsboro,Oregon,106447,66.6 km2,45°31′N 122°56′W﻿ / ﻿45.52°N 122.93°W,45.516666666666666,-122.93333333333334
Menifee,California,102527,120.4 km2,33°41′N 117°11′W﻿ / ﻿33.69°N 117.19°W,33.68333333333333,-117.18333333333334
Nampa,Idaho,100200,86.8 km2,43°34′N 116°34′W﻿ / ﻿43.57°N 116.56°W,43.56666666666667,-116.56666666666666
Spokane Valley,Washington,102976,97.6 km2,47°40′N 117°14′W﻿ / ﻿47.67°N 117.23°W,47.66666666666666,-117.23333333333332
Rio Rancho,New Mexico,104046,267.8 km2,35°17′N 106°40′W﻿ / ﻿35.29°N 106.67°W,35.28333333333333,-106.66666666666669
Brockton,Massachusetts,105643,55.2 km2,42°05′N 71°01′W﻿ / ﻿42.08°N 71.02°W,42.083333333333336,-71.01666666666667
El Cajon,California,106215,37.6 km2,32°48′N 116°58′W﻿ / ﻿32.80°N 116.96°W,32.8,-116.96666666666668
Burbank,California,107337,44.8 km2,34°11′N 118°19′W﻿ / ﻿34.19°N 118.32°W,34.18333333333333,-118.31666666666666
Inglewood,California,107762,23.6 km2,33°57′N 118°20′W﻿ / ﻿33.95°N 118.34°W,33.95,-118.33333333333331
Renton,Washington,106785,60.9 km2,47°28′N 122°11′W﻿ / ﻿47.47°N 122.19°W,47.46666666666667,-122.18333333333334
Davie,Florida,105691,90.4 km2,26°04′N 80°17′W﻿ / ﻿26.07°N 80.28°W,26.066666666666663,-80.28333333333333
Rialto,California,104026,62.4 km2,34°07′N 117°23′W﻿ / ﻿34.11°N 117.38°W,34.11666666666667,-117.38333333333334
Boulder,Colorado,108250,68.1 km2,40°01′N 105°15′W﻿ / ﻿40.02°N 105.25°W,40.016666666666666,-105.25
South Bend,Indiana,103453,108.8 km2,41°40′N 86°16′W﻿ / ﻿41.67°N 86.26°W,41.66666666666666,-86.26666666666667
Woodbridge,New Jersey,103639,60.3 km2,40°34′N 74°17′W﻿ / ﻿40.56°N 74.28°W,40.56666666666667,-74.28333333333333
Vacaville,California,102386,77.4 km2,38°21′N 121°58′W﻿ / ﻿38.35°N 121.97°W,38.35,-121.96666666666668
Wichita Falls,Texas,102316,186.5 km2,33°54′N 98°31′W﻿ / ﻿33.90°N 98.52°W,33.9,-98.51666666666668
Lee's Summit,Missouri,101108,165.5 km2,38°55′N 94°22′W﻿ / ﻿38.92°N 94.37°W,38.91666666666666,-94.36666666666666
Edinburg,Texas,100243,115.8 km2,26°18′N 98°10′W﻿ / ﻿26.30°N 98.16°W,26.3,-98.16666666666669
Chico,California,101475,88.3 km2,39°44′N 121°50′W﻿ / ﻿39.74°N 121.83°W,39.73333333333333,-121.83333333333331
San Mateo,California,105661,31.3 km2,37°34′N 122°19′W﻿ / ﻿37.56°N 122.31°W,37.56666666666667,-122.31666666666666
Bend,Oregon,99178,87.0 km2,44°18′N 121°11′W﻿ / ﻿44.30°N 121.18°W,44.3,-121.18333333333334
Goodyear,Arizona,95294,495.5 km2,33°27′N 112°22′W﻿ / ﻿33.45°N 112.36°W,33.45,-112.36666666666666
Buckeye,Arizona,91502,"1,017.9 km2",33°22′N 112°35′W﻿ / ﻿33.37°N 112.59°W,33.36666666666667,-112.58333333333331
Daly City,California,104901,19.7 km2,37°42′N 122°28′W﻿ / ﻿37.70°N 122.46°W,37.7,-122.46666666666668
Fishers,Indiana,98977,92.2 km2,39°58′N 86°01′W﻿ / ﻿39.96°N 86.01°W,39.96666666666667,-86.01666666666667
Quincy,Massachusetts,101636,43.0 km2,42°15′N 71°00′W﻿ / ﻿42.25°N 71.00°W,42.25,-71.0
Davenport,Iowa,101724,165.2 km2,41°33′N 90°36′W﻿ / ﻿41.55°N 90.60°W,41.55,-90.6
Hesperia,California,99818,188.3 km2,34°25′N 117°19′W﻿ / ﻿34.41°N 117.31°W,34.416666666666664,-117.31666666666666
New Bedford,Massachusetts,101079,51.8 km2,41°38′N 70°56′W﻿ / ﻿41.64°N 70.93°W,41.63333333333333,-70.93333333333334
Lynn,Massachusetts,101253,27.7 km2,42°28′N 70°57′W﻿ / ﻿42.47°N 70.95°W,42.46666666666667,-70.95
Carmel,Indiana,99757,127.2 km2,39°35′N 86°36′W﻿ / ﻿39.58°N 86.60°W,39.583333333333336,-86.6
Longmont,Colorado,98885,74.6 km2,40°10′N 105°07′W﻿ / ﻿40.17°N 105.11°W,40.16666666666666,-105.11666666666666
Tuscaloosa,Alabama,99600,160.3 km2,33°13′N 87°32′W﻿ / ﻿33.21°N 87.53°W,33.21666666666667,-87.53333333333333
Norwalk,California,102773,25.1 km2,33°54′N 118°05′W﻿ / ﻿33.90°N 118.08°W,33.9,-118.08333333333331
